Keyword,Adjusted_Score
restaurant-level operators managed wage cost level,4
France tourism social unrest,4
FICA indiscernible ] credit activity,4
advantages control store-level service,4
constraints eye continued lead frozen single-serve,5
EPS synergy over-delivery,3
millennials moisture simple way,3
CFO baton Rachel Ruggeri,4
core John good move,3
bulk lean deployment,3
relevant staples portfolio despite supply,3
EBITDA include adjusted,3
first-time users guest checkout feature feature for first-time,7
off-cycle resolution season,3
incredible progress progress on managerial turnover,3
mobile app non-reward customers,4
presence evidence growth opportunities at scale,3
u.s top gluten-free loaf brand,3
a. Director Yes,3
tiers traditional retailers,3
export IFG business called,3
dramatic headwinds aggressive pricing strategies,3
new package separate things old package shows,5
bars represent households with income,3
endulge iced coffee shakes,4
poultry slow start,3
a. Director Tastykake Tastykake had,4
[ Operator Instructions,3
took incremental low-end customer tail-off,4
honor interim role pivotal time time for TreeHouse,4
Gardein alternative space,3
Naturex natural colors,3
cocoa multiple snack categories share gains in multiple,4
CHF reached sales like-for-like basis,3
ads tested new buyers,3
atkins grow household penetration,3
beef exports remained,3
global demand higher-grading beef products,4
total check Mobile Order,3
customers campaign Restaurants Rising,3
goldman skeptics sea,3
Divestitures FX impacted net,3
normal seasonality seasonality for Pork,4
subsegments nutritional snacking category,3
inflationary headwinds china impacted,3
machine fuel deep brew,3
inflationary pressures strain consumer confidence,3
consensus on-algorithm type,3
fundamentals recruitment new commercials,3
generate plenty ample ample free cash flow,4
core stay focused,3
leverage powerful balance sheet,3
P vary quarter-to-quarter,3
hog ongoing recovery,3
plants different extents noel white CEO,5
strategic move front row seat seat on next-generation,5
access fine fragrance beauty,3
barclays mid-single-digit traffic,3
program functional excellence,3
cnn waterfall foulston provided chart on page,5
in-dining room operations,3
shelf leading indicator,3
suburban drive-through central business districts,4
barclays deep brew machines,3
chive bakes new menu items,3
conservative view view on core,4
millennials contemporary frozen,3
retention sign-on bonuses bucket of snapback,5
maggiano delivery individual level,3
chili Oldtimer with cheese new ad campaign,5
QSRs limited time offers,3
good [ Audio Gap,3
maggiano strong holiday delivery,3
barrier prior compensation program,3
federal minimum wage minimum wage increase,5
Europe South Asia,3
LIBOR previous spread loan on march,3
cold-brew coffee single cup coffee,5
herds key global beef,3
Fragrance compounding room room in china,4
unshakable trend trend toward convenience,4
digital marketing infrastructure with regard,3
personalization real-time triggers new offer constructs,5
overall buy rate on-the-go usage occasions,4
maggiano vehicles full in-house delivery in-house delivery system,7
dual responsibility manage price stability,3
online off-premise orders % of off-premise,4
pro forma forma net,3
engagement recommendations intensity saw significant lifts,4
farha Stephens Inc.,3
q Fresh Meats,3
manager leverage industry- leading levels,4
customers specific ingredients ask for pricing,3
EPS flowers raised the bottom,4
Americas CPG high-single digits,3
outstanding partners strong customer connection,3
population direct negative impact supply chain productivity,3
chili issues affected product,3
Chili guests inflationary environment,3
efficient manufacturing low material losses,3
qualified frontline employees,3
cnn Steve Oakland,3
first quarter remains signal for first quarter,3
TDP proactive discontinuations,3
B Irish Oatmeal small step,4
whipped toppings alternatives grew frozen plant-based meat,6
COVID crisis had resilient part,3
upscale premium contract pack business,3
young consumers u.s. population,3
hurricane ida domestic rates,3
freeman director retire in march,3
atkins frequent snacking occasions,3
chili folks ubiquitous brand,3
bimbo outstanding quarter identical distribution model,4
wings potential physical presence,4
FY record-low full-time retail full-time retail partner turnover,7
ability win national contract business,3
birds Duncan Hines suffered sales,4
atkins sustainable program,3
community company established local communities,3
geographies slow recovery,3
order customers Net Promoter,3
sponsor-led stuff leverage loan market,4
chicken historical annual run rate,3
addition acquisitions extended the reach,4
maggiano modifications nature,3
Americas savory flavor products,3
Omicron North America supply chain system,4
operations winter storm yuri,4
gas roll through commodity,3
U.S. drug traditional food,3
donnie Adam D. King,4
allow service busy friday night,4
price rallied outside meat purchases,4
alternatives substantial beachhead,3
shape P competitive advantage,3
club Sam BJ,3
slim Swiss Miss,3
chicken demand-backwards slaughter production organization,4
modest inflation U.S. Broadline,3
company completed Artisan Treats,3
ability pork global markets,3
gluten-free breakfast sandwich,3
associates trained sales peak profitability year,3
voluntary retirement program,3
arrangements european union new beef quota,5
non-independent director thanks,3
geoff E. Tanner When Quest majority of bar,7
flavor impressive meat,3
fundamentals achieve disciplined profitable growth,3
Barclays Bank first question today,3
plant Dakota City past weekend entire testing protocol,6
peers did last night,3
parameters gradual recovery,3
chili tight kitchen environment,3
restaurant-level drive-throughs traditional stores,3
chili digital space,3
EPS calculate adjusted,3
trio TreeHousehold related programs good working,4
split between delivery,3
customers customize own beverage,3
u.s. U.S. Foodservice excellent progress,3
geoff atkins E. Tanner,4
GWAP runners efficient servers,4
cage chicken margarita-grill Chili,4
slimfast segment in nutritious snacking,3
obligation big transformation fundamental things,3
Canyon gluten-free bread category,3
India Puerto Rico,3
GP recent quarter reportable segments,3
discount stay focused,3
accelerate coffee culture,3
delivery value-oriented customer,3
canyon gluten-free bread brand,3
micro-chains traditional borders,3
Dallas Wyman Roberts,3
surprise bank of america,3
solutions enormous step,3
organic growth remarkable comeback,3
noel Dean Banks,3
pleasure Miss Rachel,3
daypart usage ticket usage ticket growth,3
foundations extraordinary change retail grocery industry,4
by-products pork get exported,4
tempest teapot Georgia Dock,4
accomplishment CEO employees,3
first international roastery,3
pound outperform large food peers,3
macros bad experience,3
Nicolaus retail shelf,3
Asia promotional activities,3
pandemic impacted comparable store sales,3
Goodbye Mika Ware,3
childcare on-site clinics,3
CP buying packaged,3
agreement Sandwich Bros.,3
active beauty fantastic success story,3
goldman high single digit % type volume decline,3
big hole fill with regard manager bonuses next year,5
complexity ability fulfill,3
capture operations soft costs,3
company announced mobile order,3
private label entry 30-gram active nutrition protein,3
approach disappointing results remain committed,3
Flavor Solutions nice Consumer-like margins,4
M approach long-term success,3
big wild wild card card for next year,4
barclays grow gross profit profit dollars despite inflation,3
key customer customer had internal store replenishment,4
unprecedented challenges strong organization,3
john month that i retail store partners,3
headwinds EPS remain committed,3
R. prepared remarks Donnie King,5
ability retail sales headwinds constrained,4
bars on-the-go usage occasions,4
Thai European poultry operations,4
nominations cnn heroes,3
goldman st. louis,3
Asia Pacific quarter reflected,3
trips large mass merchants,3
reorganization functional staff management,3
prolong strategic inventory buildup,3
elections present uncertainty,3
October quarterly historical information,3
CHF noncash gain net one-off noncash,4
reorganization voluntary headcount reduction,3
crisis customers stayed focused,4
Director ready-to-drink shake business,3
cdo great to-go experience,3
on-site health clinics,3
alyssa Milano new approach convert core program,6
pinnacle EPS [ near end end ] business weakness,5
periscope environmental conditions,3
freight distribution cost pressure,3
post audio replay call after today,3
private label plays retail landscape today,3
had nice nice gains warehouse snack cake business,5
Deutsche Bank good strategic sense,3
Ryals embarked robust digital transformation,4
b.kolor interesting step part of beauty,4
ideal candidate proven leader high-performance track record,4
peer pre-pandemic baseline,3
history EPS quarter second-highest adjusted EPS,5
Asia Pacific see elevated,4
operator Americas John Ivankoe,4
u.s. offers aimed occasional customers,5
disputes exports continued robust in light,3
bread vibrant categories entire grocery store,3
granular analytics understand consumer attitudes,3
participants perceive sole step growth,4
e-commerce digital content,3
dynamics u.s. herbs,3
P decrease in A,3
North American ready-to-drink business,3
maggiano program liquors,3
total funded lease-adjusted leverage funded debt leverage,5
North America outstanding growth,3
operators warehouse footprints,3
large pickle contract contract in foodservice,3
chatter protein red winter,4
status Italian specialty platform,3
implicit EBIT Pinnacle Foods,3
dividend payout ratio % through fiscal year,3
sustain traffic over-time,3
force retailers national retail,3
underperformance Chicken Beef led,4
Ungerer Indena Cosmetics,3
cut delivery frequency,3
on-the-go usage occasions,3
whole issue issue around incrementality,4
plastics edible oils,3
legacy conagra frozen single-serve,4
governments on-prem dining,3
Director response co-manufacturers,3
DNA trace individual animal animal of origin,6
millennial consumers shop for immediate convenience,4
strong recovery many distinctive distinctive competitive advantage,4
tariffs aluminum steel,3
Texas customers freeze had,3
mika michael hochman,3
disruption weekday morning routines,3
SYGMA lowest-margin segment regional customer,3
EBITDA basis single digits look at something,4
frozen vegetables commodity vegetable tier,4
e-com brick mortar,3
majority cuisine-based selling new customer prospecting,5
scanner Birds Eye,3
beef america asia move from south,5
advantage world of natural sugar,3
Flavor Solutions Solutions did,4
nutrition center-store packaged,3
restaurant-by-restaurant real interesting learning,3
field value-added ingredients,3
FY retroactive benefit back,3
outperforms nutritional snacking category,3
first national advertising campaign,3
fresh package breads category,3
floor Mika Ware,3
kingdom recent reopening,3
chicken case-ready plants,3
delaney 47-year history public company,3
afternoon occasional customers,3
barclays customers accept price increments,4
conditions rapid disinflation,3
rest variable whereas,3
laxman Siren System,3
chili quarter-over-quarter margin moved,3
customers dial in-store operations,4
customers technological integration skills,3
coffee contracts clause,3
ex-snack sales dramatic improvement ex-snack,3
app Chili great job building,3
customers alternative sources,3
historical norms strong pricing power,3
cites improved cleaner holiday merchandising,5
successful dessert bar,3
Audio Gap margin management culture,3
POS abates shape,3
conscious decision invest in above-the-line marketing,4
dual running costs impacted gross margin,3
customers vast majority alternative payment methods,6
press non-GAAP measures direct comparable GAAP,5
home pride white bread,4
atkins low-carb lifestyle weight management,3
MGE program guys quantified,4
response on grocery nice little volume response,4
doordash agreement third-party aggregators,4
complex part actual supply chain supply chain optimization piece,3
regionalization U.S. Broadline,3
distribution Birds Eye Eye declined,4
headwinds incremental promotional activity,3
trends demographic tailwind,3
Meal Prep organic net sales,3
canyon bakehouse lost gluten-free unit share,4
participants listen mode,3
greater-than-expected inflationary year in light,3
laxman rebound in closer,3
keystone European operations,3
chili new feature card,3
customer experienced steady improvement,3
favorable price/mix price/mix in refrigerator,4
EPS guiding adjusted,3
director flexes versus grow strategy,3
machine artificial intelligence help drive traffic,4
COVID-related pay new partner training,3
ups look into next year,3
private-label manufacturing manufacturing for herbs,4
shift from mainstream robusta coffee,3
congress because Beef,3
necessary step trail mix plant,4
unusual pricing behavior beef processing fire,4
cnn Sharma hear from amit,4
customer Core outstanding value,3
food-away-from-home prices food-at- home prices,3
new premium margaritas trade into full-price,3
slight increase incentive compensation payments,3
introduces new menu highlights,3
group exercised multibank committee credit facility,3
multibillion-dollar business U.S. Broadline,3
household celebration good bun season,4
sauce had dry recipe mixes,3
business subtracted wesson oil business,3
peanut butter cup,3
distribute high-quality custom,3
weekly sales faster-than-expected rebound,3
persistent with recent escalation,3
decades COVID-19 resurgences continued industry-wide labor shortage,4
vegetable processing plant,3
international demand demand for beef,4
geoff E. Tanner,3
Banquet single-serve frozen meal brand,4
flexibility multiple sources,3
M geographic coverage,3
associates truck get put,3
health care account expert in nutritional guidance,5
divergence between mass,3
Crédit Suisse had high-teens,3
soup infant feeding business,3
geographies different customer types,3
holiday downturn in traffic,3
Inc. great low-cost low-cost fixed debt,4
hiccups favorable cost trends,3
Pork had herd health issues,4
PSL nice sharp turn,4
atkins rich pedigree,3
retail inventories ship below consumption,4
Omicron variant amplified,3
vaccines pandemic calms,3
guests Chili casual dining,4
cautious view view with regard,4
salespeople order- taking,3
outsized increase INC. reimage program,4
lemon bar peanut butter cup,5
harvest new males increase by mid mid fiscal '22,4
continued at- home eating,3
tailwind armour pulled,3
Killer Bread lower-income consumers,3
barclays fulfill extra demand,4
nitrogen cold brew,3
recent focus traditional loaf breads portfolio beyond traditional loaf,7
material needle- mover,3
tale sense same dynamics,3
flowers implemented a price,3
chicken corn mark-to-market,3
post other online delivery,3
cost-plus board in chicken,3
anticipate from African swine fever,4
Richardson definitive agreement wesson oil brand,5
frequency potential good upside,3
Netherlands subsidiaries u.s.,3
mass merchant food traffic,3
dedication navigate inflationary period,3
widespread vaccine release pent-up dining,5
families near-site health clinics,4
crisis narrow set,3
force physical locations,3
negotiation assume executive oversight,3
cakes brand moved idea for mug,3
plant-based meat alternative,3
M evaluate debt paydown,3
pharmaceutical solutions weight wellness industry,3
atkins trusted leader low sugar solution leader in low carb,5
global population income need for protein,3
good all-in traffic all-in traffic expectation,4
robot Rita runner,3
Asia Pacific COVID-19 impacting performance,3
quick selling bulletins,3
pinnacle EPS acquisition reduced,3
total funded funded debt leverage,3
decent mid-single-digit lift,3
beverage upon delivery,3
Greg global operations,3
poultry beef quicker than pork,5
view inflationary pressure,3
circumstances input successful pricing,3
markets lived expectation by further improving,3
government agencies service global regions,5
chili responsiveness guests good stability,4
customers transparency communication,3
GMs blue bar,3
reason delever ability consistent manner,4
drive-throughs social distancing,3
unfavorable sales Mexican peso,3
chili members today than pre-COVID,4
atkins successful snack brands,3
CHF Active Beauty alternative protein business,4
dynamics season played,3
Pork segment softened business showed showed signs,5
RB aristocrat EPS,3
reality hands full year challenge,3
seasonal surge retail shipments,4
fuel unforeseen worldwide events,3
weed unprofitable accounts,3
off-premise Chili stable quarter-to-quarter,4
trends overall macroeconomic united states,3
atkins cookie chip,3
nature own keto bread,3
majority Beverages operational challenges,3
flavorings customers natural flavors,4
beverages single-serve coffee,3
strong returns organic bread production,3
germany phases company-owned model,3
TMOS lean manufacturing principles,3
government-imposed COVID-19 limited time offers,3
occasional market occasional item item that someone,3
tail end representative view,3
testament commitment fastest-growing major economy,4
amount of independence independence in entrepreneurial thinking,3
'if inflationary pressure increases,3
Chili locations company-owned fleet,4
catch-up game game on pricing,3
addition initiative around lean manufacturing,4
reloads fronts digital flywheel,4
beverage led sixth consecutive quarter,3
takeaway quick service restaurants focus on core,4
Manhattan third-party kitchen location,4
incur pretax charge,3
Europe Asia Pacific,3
plants reliability common threads,4
M activity sellers,3
average order order per customer,3
bedrock fresh bakery brands,3
removal ceilings force members,4
record-shattering mobile order,3
automation huge part see sustained,3
ingredient traditional loaf items,3
Latin America like-for-like sales,3
trends favorable heading,3
Nature Canyon Bakehouse held market share,4
impact on outdoor patio dining,3
units ranked near-end peer group,3
retailers multiple assortment,3
constraints gave color,3
Associates blackbox Vaccaro Raymond,4
Asia Pacific china-based business,3
small player anyone get kind kind of super,4
productivity critical levers,3
reality leverage instrument,3
emergency allotments SNAP,3
beverage tests rigorous set,4
spices hot sauce,3
ladder new customer wins,3
inflationary pressures lower-than-expected sales,3
retail demand historic pre-COVID-19 demand,4
commitment gravitation toward digital interaction,3
INC. Mika Ware,3
constraints unmet demand,3
citrus non-GMO sugar source,4
limited-time holiday beverages,3
retention lift in customer,3
core grown Pound,3
Trenton Canadian Del,3
Deutsche Bank low carbers,3
Darren director p firm,4
penny profit associated Killer Bread,4
Flavor ] elevated,3
variations organic growth selective pruning,4
promotion highlighted healthy produce options,3
pork turkey present year-over-year cost,3
Beef prolonged industry dynamics,3
Panama Costa Rica,3
meat recall did,3
plant-based protein box,3
Southeast Asia single market part,3
millennials buying refrigerated,3
audio invest time understand market progress,3
cannibalization indiscernible ] replacements,4
audio accrual set,3
EBITDA quarter-over-quarter amount embedded,3
engagement customers outpaced,3
e-commerce home digital efforts access through delivery,6
EMEA growth remained entire customer base,3
dayparts late week lunch,3
Iowa Premium beef processing facility,3
election Board Anne Bramman,4
high teens structural margin floor,3
menu chili started,3
hospitality great experience experience for dine-in guest,5
ghost kitchens order,3
war east united states,3
ability favor branded,3
other levers look at productivity,3
non-independent director yes,3
exclusive pre-opening tour,3
everyday urban spice portfolio,3
rattle drop favorability,3
renovation U.S. core everyday herb,5
decision-making process cross-functional strategic customer,3
June St. Paul,3
seasonality February critical period,3
atkins confluence of consumer consumer megatrends around health,5
atkin C-store strong start,3
chili critical investments top line challenges,3
respect organic sales color around cadence,4
clinics preventive screenings chronic condition coaching,6
customers single-serve beverage,3
naturex different spaces natural ingredients,4
deleverage debt-to- EBITDA,3
laxman out-of-home coffee,3
member saw mid-single-digit mid-single-digit kind,3
customers preferred rate 20-year time horizon,3
prepared beef looks,3
mix hit mobile order sales mix,3
favorability contributed interest expense favorability,3
coffee wheats oats,3
slight decrease decrease in trade,3
main FX-neutral EBIT,3
targeted-pricing programs margin lost,3
Fresh Chicken tray pack chicken,5
locations white space,3
spices secondary locations,3
in-store deli saver white meat rotisserie meat rotisserie chicken product,9
% aligned customer-first culture,3
weak trends store-branded retail continued,3
chicken air fried momentum with strong repeat purchase,4
noncash inventory purchase inventory purchase accounting step-up,6
attributes open prairie,3
board approved payout as part,3
beef features planned,3
Frank secret ingredient,3
inopportune tropical cyclone,3
specialty produce expert,3
perks whiteflservice invitation-only program,4
other hand Fragrance Ingredients,3
pressure hearts casual dining,4
amped-up protein bars,3
plant-based alternatives alternative today,3
broadline distribution share of total chicken,3
Ensure Boost high protein,3
Scott maw retire in october,4
customer Seasoning Blends,3
tipped minimum wage,3
fees results benefited incentive compensation expense,3
recovery Asia Pacific,3
pace big catastrophic bump,3
series demand-based innovation portfolio in order,3
meal prep completed new issuance,4
barclays chicken aggressive steps,4
loyalty programs contributed,3
gap Knapp chili,3
operations ended the year,3
crédit Suisse limit adjusted,3
Cold Brew strong beverage performance,3
beverage iced espresso,3
success bad habits,3
CCI prune lower-margin business,3
high correlation correlation in shopping,3
export home co-man grew,3
optimal revenue developed growth maps,3
majority center around performance,3
substantial reduction global hog herd,4
wings disposable vehicle,3
ERP replacement program,3
battle insurers cnn,3
atkins healthy snacking,3
Sous Vide new egg bite,4
clear leader leader in loaf bread,3
african swine fever,3
realignment major customer Flavor Solution,4
host meetings local store tours,3
chili dine-in off-premise sales,3
proprietary cold brew,3
announce greenhouse gas reduction,3
program green aprons,3
sporadic virus resurgences impair consumer mobility,5
margins did quarter- over-quarter,3
CFO Tom Hallam first time i,5
customers limited-time offers,3
MSG artificial flavors,3
subsegment chips view than subsegment brand consumer benefit view,6
aggressive distribution fees,3
Madness campaign aired prime time,4
customer connectivity u.s. North America,5
features new website modern look,4
organization with old-fashioned resolve,3
grain crest in early q4,3
room significant demand destruction,3
negligible customer attrition,3
poultry favorability good guy,3
leverage ratio finished,3
December demand moved,3
chicken distressed inventory,3
cnn smarter than everybody,4
Sandwich Bros. vegetable business,3
egg avian flu issue,4
laxman Rachel Ruggeri,3
presentation Kasey A.,3
disruption external headwinds,3
internal costs continued productivity gains gains meant an increase,4
sisco U.S. science-based climate goal,4
u.s. stay-at-home requirements,3
u.s. multiple vaccines normal consumer shopping,5
freight pressure for everybody,3
pressures subsegments active nutrition,3
u.s. inventory reserves,3
ability members detailed labor models,3
U.K. Eastern European,3
average server server at chili,3
almond drought category endured dramatic cost increases,4
appetizer unlimited drinks,3
chili successful margarita,3
campaign called awareness around help help that small business operator,5
u.s. urban centers,3
Kesadiaz tray advertisers,3
Canyon nationwide rollout,3
webcast select presentation materials,4
bar remains pressured on-the-go usage occasions,5
cost-savings lead operations,3
signs global concerns,3
reps customers intimate relationships,3
Columbia Latin America,3
cold beverages strong beverage mix,3
Ebro Riviana North American pasta,5
chili outperformance casual dining industry,4
favorable tailwinds revenue recognition impact,3
leverage bank covenants,3
CEO Wyman Roberts,3
chili team member satisfaction,3
winter outages hit with subzero,4
tranches company took nice job term loan market,4
QSRs C-stores recovery broad speaking,4
superb natural extracts job on taste,4
standard reclassifies new revenue recognition value card breakage,4
customer unique expense challenges,3
headwinds middle east,3
squeeze board private label manufacturing,3
mobile order powerful driver,3
loyalty program with regard,3
animal substitutes natural vegan-friendly solution fat in plant-based meat,8
recipe Americas showed,3
multi-tier redemption program full national rollout,4
ingredients biotechnologies sustainable way,3
new users hot sauce category,3
midst Tasty Baking,3
john full-time focused international strategy,4
nps customers voice large sample size,4
sites vast majority,3
extraordinary hockey stick,3
a. Director No,3
EVLO other iconic Conagra,3
team performed service near target,3
culture chili big tentpole programs news between big tentpole,6
lion inflationary pressures,3
traffic hard discount retailer,4
spinoff Lamb Weston,3
correlation ability buyers,3
Thai European poultry assets,3
barclays new curbside pickup,3
COVID robust banquet corporate catering channels,3
aPT index shows,3
Impossible breakfast sandwich,3
government significant stimulus key customer segments,3
tuck-in-type vast majority,3
in-restaurant dining good move,3
gotten started united states summer grilling season,6
birds veggie-based meal space,4
customers see elevated,3
casual dining industry model than today,3
customers space Loop Capital,3
atkins FY excellent plan,3
organic range expansions first choice brand choice brand renovation initiative,5
pressure to-go packaging,3
P inflationary pressures,3
customers bad service,3
all-important holiday season,3
historical safety stock,3
EMEA year-ago demand,3
significant deflation single-serve beverage,3
EBITDA tight cost control control on operating,4
wings pandemic-related dine-in,3
u.s. Nitro Cold,3
strong start 30-gram protein shakes,3
quick follow-up local customer channel,3
AR customers banks,3
distribution intense pressure,3
P margin benefited small year-over-year favorability favorability in A,5
bone-in wings different piece counts,3
chicken influence nail natural unpredictability,5
chili mall exposed,3
Plymouth Brooklyn Park,3
relevance parents young people,3
atkins nutritional snacking space,4
turnover normal training expenses,3
removal significant concern concern with payment,4
laxman loyal customer base,3
goldman Adam Samuelson,3
non-independent director bye,3
subject safe harbor provisions,4
co-op middle east,3
lower-than-expected elasticities inflation-justified pricing include consumer demand,5
slight uptick uptick in distribution,4
core North America,3
GOOD campaign plant-based beverages,3
commercial paper borrowings,3
maggiano issue for chili,3
traffic prepandemic dining room,4
juicier new cooking procedure,3
expand digital customer,3
retailers importance aisle,3
mid-teens unconsolidated operations,3
operator Pumpkin Spice cold brew product,5
payments flood deferred cash tax,3
healthy choice power,3
pinnacle point as separate public,3
teavana Shaken Iced,3
yes vis-a-vis branded,3
reflection Canadian reorganization,3
atkins dramatic falloff,3
cnn Rob Lowe partnership with actor,4
India Middle East,3
decarbonization road map,3
restart chili program,3
quarter began saw cow harvest,3
severance movement main impact,3
traditional diet diet for user base,4
donnie D. King,3
awnings chili metal paint,4
healthy choice competes focus on active lifestyle,4
APZ region had substantial growth,3
'our road full recovery,3
customer personalization engine,3
GAAP pro forma results,3
quote year-to-go hiring number,3
nice rebound strong holiday season rebound from last year,5
Americas North America,3
question-and-answer formal presentation,3
famine global pandemic political interest,4
donnie director at goldman st. louis,5
clear set quarter contributed,3
beverage remainder proof-of-concept testing right,4
concentrated activity mass merchandise channel,4
minutes Sunshine All-Purpose,3
days residence aiken resigned,4
chili rewards months post the relaunch,5
retail grocers grocers eliminated,4
u.k. week on behalf meal kits per week,4
e-commerce leading indicator,3
spring summer before everything,4
atkins immune health,3
weather February Uri,3
outside meat purchases rate of outside meat,5
SR members members had,3
piper Brett Wong,3
moves longer-term historic payout,4
hope little holiday spark,3
Flavor Solutions place than Flavor,4
wings million-plus next virtual brand,3
brakes recent performance moderate rate,3
April central california distributors,3
happy holiday season,3
frozen vegetables business returned,3
message initial results self-directed low-carbers,4
piece of material material handling equipment,4
adjust for inflationary cost pressure,3
Europe SAMEA like-for-like sales,3
adobo chicken barley Korean beef,5
soft variety nonorganic wide pan,5
recent proxy filings,3
issues structural versus transitory,3
Europe sales returned Middle East,4
Chili Junior Bridgeman,3
Americas elasticity historical levels,3
fire Finney County august caused plant in august,5
trends softened industry macro volume,3
plants case- ready business,3
automation advanced technologies,3
excellent job display across board,4
board evaluates regular basis,3
saw mixed mixed results Latin American,4
customization customers advantage own proprietary beverage,5
popularity U.S. innovative menu offerings,4
CHF added close,3
pension actual returns,3
stong global demand,3
well-recognized worldwide shortage shortage of vanilla,5
meal replacement behavior,3
flavor Frank solutions ended,4
excellent progress improved profit realization,3
good tailwind tailwind into next year,3
Frank redhot hot sauce,4
ambition stakeholders sustainable value creation,4
Russia alternative sources,3
operations lamb weston,3
[ indiscernible ],3
recipes roof how-to videos,4
Greco Sons company closed,3
room into takeout,3
pressures widespread inflationary,3
program focus on plant continuous improvement-based initiative,4
CAGNY disclosure EPS,3
APZ experienced recovery,3
a. gaps Director Yes,4
baristas Mobile Order,3
Chili major menu simplification,3
terrific quarter Snacks had another terrific,4
internal customer decisions,3
atkins total buyers quarter remained,3
apologies old segment significant upturns,3
atkins walked tough competitive merchandising,3
customers unwavering commitment,3
open book input cost structure,3
brands outperformed respective subsegments,3
spices leadership through packaging,3
evidence amongst value players,3
wings overlay incremental guest,3
virus accelerated consumer demand food through alternative,4
big retailers major buying power marketing services like advertising,6
in-store experience digital customer relationship,4
America view health care,4
flavors modern food attributes,3
RB normal run rate,3
vaccine mandate served,3
laxman Oleato hot beverages did today,5
Flavours Symrise division started,3
SG pension program costs associated receivable sales,5
career Jeremy Scott,3
seasonability sustainable value key nonfinancial target,3
recovery got sectors,3
thanks capitalization grown sales,3
maggiano alcoholic beverages,3
Deutsche EBITDA figure,3
traffic huge variation,3
slight miss base conagra business,3
bulk promotional activity,3
warrants caution current economic environment facing,3
CAP % delivery coverage,3
retail grocery price basis versus retail,3
org slight wage inflation,3
customer love SFE,3
EUR group issued new bonds,3
Wyman make prepared,3
S P high yield dividend,3
regions delivered flavor solution base growth,3
employees El Segundo,3
new lockdown lockdown restrictions,3
pilot actual factual factual results,4
APAC QSR customers increase in promotional activity,5
pandemic effect recedes reversion as pandemic effect,4
transcript live call section of flowersfoods.com,4
equality organizations dedicated,3
d u.k. Ashford CHF,4
a. Steve Kinsey,3
tomorrow unveil full holiday assortment,4
bakeries digital technology,3
Seattle Roastery company-leading comp growth,3
atkins Walmart last count,3
industry-leading scale unique business model,3
pounds programmatic dieters event in mind,4
at-home coffee presence,3
heroes bar price-sensitive environment,3
pickup than dinner,3
birds Duncan Hines,3
Snacks Meal Solutions,3
realization efficient short-term way,3
rep activation customers,3
frosted- sugar cookies,3
massive contemporarization contemporarization through innovation,4
feedback megatrend post-pandemic routines,4
majority snack nut category,3
NRI nutritional snacking assets,3
influence indications reversion,3
friday boneless skinless breast meat,5
Frank hot sauce category,3
premium customized cold coffee category,3
afternoons occasional customer,3
hefty manager bonus,3
customer service training,3
weekend inflection behaviors,3
associates NPS overall satisfaction rates,3
sell-off core hubs,3
forecasts market underperformed underperformed versus,3
pods came single-serve coffee pods,4
CEO non-independent director,3
center Ardent Mills,3
childcare medical clinics,3
Wanda renowned comedian,3
Frontera Grocery Wicked Kitchen,4
subside inflationary pressures,3
celine a.h. pannuti,3
fuel outstanding progress savings helped,3
atkins diet brand weight loss diet,3
toe brains steak,3
pinnacle value-over-volume approach,3
coffee giant closed racial bias education,6
unique offers customer personalization engine,5
mark cap company passed,3
cnn talks traffic,3
Chase first-ever co-branded credit card,4
quick service restaurants strength in quick service,4
policy global clients,3
canyon performance recovered slow start,4
fires plants EPS,3
cattle head feed recorded,4
root Gen Z,3
prestige fine fragrances retail fragrances mass market specialty retail,7
chili guest team member experience,4
bean crop runway with regard,3
relief pound u.s. dollar,3
ability incomparable food safety,3
EPS nonservice income benefit from pension,3
inflation-driven pricing benign consumer response,3
ingredient miss had packaging cost increase,3
Kenny international experience,3
donnie D. King president of poultry,4
food-at-home segment varied recovery diverse customer base,5
Ardent Mills COVID-related demand,4
activities full implementation dedicated resources,3
household retailers personal care care across select,6
Atkins transit high correlation,3
sunflower recall created,3
global scale untapped opportunities,3
chart prepared remarks,3
elevated promotional activity,3
soya backs u.s. situation,4
green tea big hits cold foam caramel,6
Rewards occasional customers,3
prevalent home-cooked meals,3
customer Nitro Cold,3
bellies volatile raw material right,4
GDP massive increase middle class,4
flavor status quo versus,3
visitors international attention,3
assessment pro forma,3
medium-term increases expect wage rate,3
yes much different organization,3
mobilities bars benefited,3
credentials superior experience,3
behaviors noneconomic follow solid foundation,4
traffic serious margin sacrifices,3
EPS excellent free cash flow conversion,3
competitors limited-category manufacturers,3
redistribution rebroadcast without express,4
eligibility recent highlights,3
ability success open-minded seller,4
machine artificial intelligence,3
u.s. customers retail concepts lead consumer perceptions consumer perceptions of specialty,7
decision distribution system network,3
retailers new hard discount,3
movement EBITDA Swiss franc,4
nature Killer Bread,3
atkins low-carb lifestyle weight management expert,4
Morgan Chase celine a.h. pannuti,5
atkins mass pick market share,3
placement drought-induced movement movement into feed,6
atkins little substitutability other shakes,3
bakeries operations sole responsibility,4
Meal Prep division on Slide cash flow generation,4
had sufficient sufficient livestock,3
co-pack guys Smucker Starbucks,4
goldman s.c. Flavor Solutions,4
hundreds consumables retailers fresh products,4
retail takeaway trends,3
low-end customer behavior,3
proprietary modulation technology,3
parade displays social media,3
menu dropped yesterday,3
shortenings oils inflationary right,3
day-to-day interruptions little intermittent,3
zero drive product responsibility responsibility from farm,4
approach financial fitness focus on continuous improvement,3
revert historical norms,3
Monday private label manufacturers association,3
price-pack multiple product configurations architecture with multiple product,5
nice movement movement in manager,4
atkins active nutrition subsegments,3
customers seasons cold platform,3
silver cloud impetus for change,3
menu Chili fundamental move,4
Latin America like-for-like basis,3
industrial [ [ ingredient ] ingredient ] business,6
avian influenza chicken leg quarters,4
reestablishment chili rewards,3
Nature Killer Bread,3
battle prolonged lockdowns,3
material quantifiable drag,3
Chili Wyman Roberts,3
CHF group refinanced multibank committed,4
customers healthy staffing levels,3
big spike absenteeism related spike in absenteeism,4
mustard many customers same shelf presence,4
pinnacle year-ago period different owners,3
HK Anderson EPS,3
dKB launched new organic breakfast,3
believe raw material,3
Levy Non-Independent Director,3
SR multi-tier redemption program,4
tailwind grade intent,3
basis point gap gap between gross profit dollar,3
[ EPS recent quarters,3
flexible work-from-home sustainable benefit benefit from eat-at-home demand,5
experienced deleveraging sales dropped,3
canyon love gluten-free bread,4
George broader-based marketing campaign,3
October Board Directors approved,4
guest team member experience,3
SMEs subject matter experts,4
traditional food brands unique among traditional food,4
chili implementation major technology systems,4
website updated investor presentation,3
pandemic spurred operational complexities,3
abundant value sharp price points quality at sharp price,3
clear focus frozen vegetables superior relative value,4
EPS Ardent Mills venture had,4
share within ready-to-drink shake category,3
real rebuild rebuild of shelf retailer safety stock,6
sit-down restaurants fast-casual type things,3
pressure Flavor Solutions Solutions did,5
updated expectation global coffee alliance,4
COVID-related impact steady inflationary pressure,4
supply caused present opportunities african swine fever,5
sound like sustainability,3
lens return on invested capital,3
rollouts recover with vaccination,3
customers la carte,3
pressure than upward pressure,4
p above-the-trade line considerations,3
perception casual dining segment,3
iconic retail Jimmy Dean,4
F curves dependent upon rate,4
ability facilitate tax advantage deal structure,3
a. Director Sure,3
new wages union-organized stores federal law prohibits,5
big shelf reset shelf reset period,4
perpetual innovator weed-and-feed approach,4
pinnacle preclose internal stand-,4
atkins attitudes behaviors new commercials,4
North Star restaurant support center,3
chicken remains committed top-tier performance,3
updated bar menu,3
additional plants implement full TMOS,3
wings Italian Classics,3
frozen single-serve meals,3
inventory rebuild added,3
servers freeze-up server time,3
flavor natural-based ingredient company,3
absolute penny gap,3
long-term continuation trend for away-from-home food,3
policy contributed other lead market,3
eat outside home,3
recent performance terrific multiyear run,4
over-performance wages third quarter get,3
challenges presented exceptional growth,3
customers bold transformation,3
retention own employees Net Promoter Scores,3
ability different use occasions,3
u.s. square foot tryer offset wage increase,5
Clif nutritious bars,3
beverage dinner difference in check,3
eVP Dean Banks,3
Maggiano % composed fiscal first quarter comp,3
COVID-19 pandemic incredible consumer trialing,3
casual restaurant-style options new mega bowls add,5
historical standards supplier inbound fill rate,3
coffee Iced Espresso,3
Ryals Steve Kinsey,3
millennials cold coffee,3
ConAgra u.s. spicetec acquired,4
Flavor Solutions trajectory than base,3
driver retention bonus visible positive impact,3
peak pre-COVID behavior,3
retailer send message,3
technology order management system,3
e-commerce direct-to-consumer direct-to-consumer new product,3
inflationary pressures tight labor market,3
e-commerce digitization new activity set,4
love chicken EU,3
consideration poultry moved,3
chili casual diners,3
costs associated voluntary separation program,4
Chili head VP,3
massive amount frozen single-serve meals category,4
chicken bell EU opened,4
constraints Steve mute higher-cost inventory,5
commercials organic sales growth did,3
Pinnacle executional issues focus with respect,4
agreement freshpoint announced,3
year-ago period heavy supply supply through second quarter,3
maggiano banquets large party occasions,3
investor.starbucks.com through friday,3
SnapTight lid seals,3
transcript section of flowersfoods.com,3
antitrust issues potential divestiture candidates,5
new geographies Italian specialty platform,3
retailers inventory above late summer inventory,6
young millennial households,3
abandonment central section,3
relationship between casual dining,3
productivity actual headwinds,3
Americas Director Rosalind Gates,4
power EBIT EBITDA basis,3
ton TPDs vast innovation slate,4
soft variety white bread area,4
chicken home popular animal protein,5
NAV see in black box,4
core healthy growth recent quarters,3
Fitness financial fitness total cost takeout,3
PBGC charges variable expense underfunded pension obligations % on underfunded pension,8
hog processor market-ready hogs,4
customers forms home,3
refrigerator recovery frozen segment,3
customers cold beverage innovation,3
farha Ford Stephens,3
remnant household inventory,3
aggressive television campaign,3
get vaccinated comfortable gathering,4
CHF plant-based proteins,3
quest healthy lifestyle snack brand,4
endulge enthusiasts profile for keto,3
'we muscles different set,3
beef segment benefited strong domestic demand,4
competitor buying dairy,3
cnn new interview interview with steven,4
Fragrance division recorded like-for-like basis,3
recession cook at home,3
remainder slight margin contraction,3
global coffee alliance,3
exit winter selling season,4
accessible single source,3
deployment one-size-fits-all program,3
ad chunky around football,4
Molson former CEO Coors International,4
members instant goals hurdle like instant,5
chicken experienced experienced export headwinds,5
EVP provide prepared,3
african swine flu,3
operators did a good,3
atkins relevance total buyers,3
emotions racial injustices,3
RB Foods completed an equity,3
guests have said,3
donnie egg D. King overall breeder production,5
combative retail reaction,3
F b national footprint,3
U.S. Uber Eats,3
headwinds soft volumes guys laid,4
oh lifestyle people Rob Lowe new adjacency,5
company closed closed plants,3
Culver Roz Brewer global coffee,5
Ryals McMullian president interesting opportunities white space opportunities,5
campaign further accelerate growth,3
costco co-op u.s.,3
U.S. onetime stock grant,4
reduced promotional activity,3
first choice advertising,3
Flavor Solutions quick service restaurants experienced slower-than-expected restaurant traffic,7
barclays rocky month-to-month performance,3
COVID-related disruptions 300-basis-point favorable impact,3
shopper trips improved on-the-go usage occasions,6
proper personal protective equipment,3
ketchup Wish-Bone business fits,3
DKB organic wheat cost,3
noel white CEO,3
drought u.s. affordable hays,4
ajay retirement Pivotal Research good luck,4
kitchen COVID-related disruptions impacted sales,4
litigation legal settlement,3
enjoyment at-home eating,3
intermediate term forward-looking supply conditions,3
customers promotional activities,3
sources debit card spend,3
strain rapid rate american consumer,3
new openings openings scheduled,3
coffee Euromonitor addressable market,3
step-up allocation impacted purchase price allocation,3
affords longer-term decisions strong balance sheet,4
cnn bayle ellis,3
new meat snacks optimized price pack,4
a. chance refill Director No,5
extent lockdowns was a surprise,4
industry-leading mobile app,3
real grilling season season starts after Easter,6
in-restaurant feature card,3
chicken No Antibiotics value-added products,4
protein scene wrestle with tariff,4
beef head throughput offset,3
temporary plant closure,3
leverage Joel Hourican,3
normalized inventory builds inventory builds in prep,3
experience exacerbated change in health,3
aisle sixth priority share of at-home coffee,4
doordash partnership with keybanc keybanc capital markets,3
condiments journey through plant,4
rock labor shortage issue,3
have said u.s. protein companies,4
nice flow-through margin-driven,3
e-commerce natural hedge retail doors,5
error month affected ground beef business,3
one-stop shop large national customer,3
pension funded status allows,3
loyalty different purchase behavior,3
Hispanic product exit netted,3
customers modern mixology mixology drove,4
old-fashioned block-and-tackle customer acquisition,3
in-store customers tangible changes,3
e-commerce sales fresh-packaged bread buns,4
fire frozen fish business,3
chicken additional plant closures,3
Frank Britt Brady Brewer,4
Millennials careers generations,3
color nitrogen-flushed bottle,3
incredible surge surge in demand,4
EBITDA bps normal world,3
